id,first_name,last_name,dob
1,Carny,Salerg,4/30/1991
2,Amble,Yegorchenkov,5/5/2004
3,Abbey,Farny,11/13/1995
4,Hollis,Cranny,9/23/2009
5,Carlo,Kinge,7/27/2002
6,Edan,Brimilcombe,9/3/2000
7,Winonah,Ditch,11/9/2007
8,Clive,Hinzer,11/19/2005
9,Bria,McKague,12/9/2013
10,Reginauld,Thomazet,1/18/2014
11,Abran,Donhardt,11/16/1990
12,Frants,Costley,12/13/1995
13,Rubin,Giriardelli,6/9/2005
14,Silvester,MacCaughey,6/19/2017
15,Dermot,Jahnisch,3/26/2012
16,Odette,Sudworth,12/10/2014
17,Lynea,Tinman,5/5/2001
18,Ansell,Hallitt,12/6/2015
19,Caitrin,Divina,6/20/2010
20,Pippo,Howles,5/22/2007
21,Rachelle,Johnston,8/12/2010
22,Trisha,Sperski,3/1/2010
23,Viviana,Creeboe,2/11/2012
24,Gawain,Glanister,7/8/2008
25,Nickie,Strut,11/14/1998
26,Clemmie,Castrillo,1/3/2017
27,Huntlee,Hulstrom,5/14/1992
28,Ryann,Vedeneev,1/23/2014
29,Ly,Guidera,3/9/2020
30,Percival,Posselow,8/27/2018
31,Spenser,Durnford,11/23/2021
32,Jacenta,MacVanamy,3/12/2011
33,Friederike,Lippiett,4/8/2008
34,Kelsi,Overel,7/21/2019
35,Ki,Nolleth,10/28/2017
36,Nanni,Fettes,5/16/1996
37,Lyndell,Le Moucheux,1/4/2021
38,Zita,Pinnion,8/1/2010
39,Donavon,Halton,2/7/2003
40,Gerome,Korting,9/18/1992
41,Clarke,LaBastida,4/29/1992
42,Margaret,Caroline,8/30/1992
43,Kenton,MacCathay,2/22/1995
44,Byrann,Piscopo,11/21/2005
45,Mathias,Clampe,3/21/1998
46,Gabey,Eickhoff,3/18/2016
47,Brit,Mabe,2/19/1997
48,Weylin,Crook,7/30/2012
49,Courtnay,Tolchar,2/7/2007
50,Mel,De Angelo,10/31/1994
51,Gertrudis,Kerkham,4/20/2022
52,Steffane,Haythorne,1/5/2009
53,Belinda,Ince,5/25/2021
54,Shela,Crenshaw,11/4/2019
55,Sid,Faier,4/28/2022
56,Felita,Calvert,9/13/2016
57,Gerald,Dacre,3/6/2012
58,Thadeus,Hayball,3/18/2013
59,Joseph,Sterricker,4/21/2012
60,Trevor,Ledekker,11/1/2010
61,Sue,Hinckes,5/29/2000
62,Fanya,Coad,8/24/1994
63,Gennie,Smartman,3/31/1994
64,Bettina,Valler,4/12/2004
65,Dayna,Itzak,3/13/2016
66,Kassandra,Arkin,7/12/1999
67,Wilden,Hetterich,5/3/2008
68,Joye,Nation,2/17/1996
69,Brig,Inkle,3/25/2018
70,Sansone,Sneden,2/10/2014
71,Orren,Spelman,3/26/2019
72,Corrina,Geale,12/25/1993
73,Bari,Giorgini,7/28/2009
74,Tory,Roisen,5/25/2016
75,Kellyann,Mowsley,3/3/2012
76,Idelle,Fitzmaurice,5/25/2014
77,Brent,MacColl,1/3/2009
78,Malynda,Stansall,5/18/2019
79,Abe,Narey,5/27/2023
80,Gun,Halley,1/18/2013
81,Wendell,Whibley,10/30/2008
82,Melodie,Megarrell,9/30/2014
83,Ginger,Hards,9/28/2005
84,Willdon,Menendes,2/12/2004
85,Anthia,Von Gladbach,8/22/2023
86,Janela,Loch,1/16/2016
87,Rees,Binfield,12/16/1993
88,Terrence,Bissiker,10/13/2009
89,Hi,Dyte,9/7/2005
90,Reeba,Yardley,2/28/2005
91,Angelique,Mumby,6/18/1994
92,Efrem,Saffle,8/5/2002
93,Madeline,Willmett,9/15/2012
94,Georgy,Brisbane,12/20/2009
95,Morissa,Beardsall,10/26/1997
96,Arron,Botcherby,4/3/2017
97,Ericka,Busswell,1/10/1996
98,Horten,Morales,3/1/2019
99,Farrel,Nightingale,2/13/2000
100,Amberly,Creed,4/16/2004
